Word,PC1,PC2,PC3,PC4,PC5
10,-0.001515,0.010005,-0.008591,-0.003045,-0.027619
ability,-0.007598,0.000975,-0.020895,0.012449,0.004496
able,-0.006955,-0.001112,-0.009811,0.022806,0.001649
abstract,-0.000266,-0.003655,-0.009556,-0.000340,0.009640
access,-0.001171,-0.000950,-0.008952,-0.004470,0.005330
according,0.003922,-0.002209,-0.012652,-0.002966,0.003253
account,-0.009137,-0.008945,-0.028595,-0.037706,0.048214
accounts,-0.000953,-0.001654,-0.007883,-0.014061,0.027845
accuracy,-0.002232,0.001294,-0.013170,0.026316,-0.009025
accurate,-0.001632,0.000961,-0.007948,0.013191,0.003244
achieve,-0.002048,-0.000821,-0.007397,0.018083,0.002199
act,-0.004071,-0.004785,-0.007598,0.011443,0.015309
action,-0.037525,-0.027373,-0.031671,0.075605,0.109413
action perception,-0.005087,-0.003862,-0.009473,0.003520,0.019760
action selection,-0.007471,-0.004130,-0.000324,0.017076,0.013899
actions,-0.018454,-0.002017,-0.022361,0.067091,0.034366
activation,-0.002860,0.003421,-0.009281,-0.001024,-0.008493
active,-0.303070,-0.266726,0.378085,-0.051088,0.061130
active inference,-0.287589,-0.262979,0.365845,-0.081201,0.102973
actively,-0.003995,-0.000905,-0.008247,0.011982,-0.013334
activity,-0.001111,0.007190,-0.041743,-0.004800,-0.008140
adaptability,-0.006185,-0.001993,-0.002410,0.018776,0.000173
adaptation,-0.009382,-0.007635,-0.007312,0.003667,0.016316
adaptive,-0.010218,-0.012400,-0.021709,0.024734,-0.003392
addition,0.001642,-0.001107,-0.007133,0.000183,-0.005320
additionally,-0.003334,-0.001535,-0.004774,0.010400,-0.005931
address,-0.006432,-0.000529,-0.008299,0.015972,0.004204
advances,-0.004361,-0.001511,-0.006183,0.000796,0.008954
affect,-0.001653,0.001836,-0.016821,-0.009120,0.018453
affective,-0.005798,0.003495,-0.026865,-0.016327,0.030066
agency,-0.011220,-0.006757,-0.003626,-0.018830,0.002997
agent,-0.037247,-0.020998,-0.017385,0.163216,-0.003554
agents,-0.034501,-0.032508,-0.000279,0.157970,-0.007496
ai,-0.018781,-0.011337,-0.028403,-0.017696,-0.003125
aif,-0.017194,-0.004252,-0.020818,0.076993,0.007259
aim,0.000386,-0.003090,-0.012258,-0.008495,0.010744
aims,-0.002555,-0.000674,-0.008942,-0.001441,0.004493
al,0.010900,-0.013374,-0.000665,-0.055893,-0.125655
algorithm,-0.004656,0.000710,-0.007955,0.069693,-0.031123
algorithms,-0.003102,0.000306,-0.005953,0.029478,-0.015130
alignment,-0.000475,0.000067,-0.013500,-0.005152,0.001138
alliance,-0.003709,-0.000246,-0.002815,-0.015825,-0.001608
allocation,-0.009994,0.004720,0.002330,0.008295,-0.034239
allostasis,0.001803,-0.000324,-0.010697,-0.014331,0.015617
allostatic,-0.005501,-0.000058,-0.003414,-0.020557,-0.004031
allow,-0.000407,0.004706,-0.006760,0.005436,-0.002367
allowing,-0.004259,-0.001778,-0.005924,0.013537,0.004070
allows,-0.002567,0.001327,-0.011183,0.016761,-0.006186
alternative,-0.007399,0.003550,-0.009525,0.014089,0.013951
amp,0.006900,0.002529,-0.002693,-0.004248,-0.015086
analyses,-0.000718,0.001987,-0.007688,0.003641,-0.000091
analysis,0.002295,0.010012,-0.019055,0.002001,-0.029063
anxiety,-0.001092,0.006437,-0.024491,-0.014595,0.020499
application,0.001227,-0.004263,-0.000437,0.020675,-0.015637
applications,-0.003899,0.007196,-0.013159,0.007082,0.002178
applied,-0.000822,0.002160,-0.010822,0.006521,-0.001699
apply,0.000472,-0.002427,-0.006181,0.015757,0.001577
applying,0.004840,-0.004006,-0.007984,0.004613,0.001333
approach,-0.022758,-0.004081,-0.038871,0.066163,-0.009900
approaches,-0.011250,-0.001176,-0.026767,0.016539,0.021637
appropriate,-0.000328,-0.001955,-0.002484,0.015527,0.000923
approximate,-0.005668,-0.007495,0.000445,0.008693,0.010655
architecture,-0.006899,-0.004054,-0.020396,0.011455,0.020618
architectures,-0.002588,-0.001446,-0.012101,-0.001749,0.013693
area,0.001757,0.013244,-0.005883,0.001587,-0.000282
argue,0.013650,-0.014167,-0.028742,-0.046781,0.015598
art,-0.005906,-0.001102,-0.008551,0.022801,-0.001208
article,0.003387,-0.002864,-0.021449,-0.028203,0.031111
artificial,-0.007401,-0.011857,-0.021074,-0.000697,0.006428
artificial intelligence,-0.004081,-0.002577,-0.015542,-0.003908,0.005189
aspects,-0.005087,-0.006579,-0.011512,0.001062,0.027717
assess,-0.000831,0.000072,-0.008536,0.000349,-0.002939
assessment,0.008926,0.000896,-0.001518,0.004041,-0.032441
associated,-0.008471,0.001398,-0.019684,0.009472,0.026986
assumptions,0.005884,-0.004187,-0.012101,-0.011379,-0.003348
attention,-0.012607,-0.003541,-0.025801,-0.004978,0.032615
autonomous,-0.013522,-0.014316,0.003102,0.038100,-0.022309
available,-0.001325,0.001225,-0.008790,0.003805,0.000479
average,0.004601,0.005788,0.001527,0.007342,-0.010419
awareness,-0.010626,-0.000570,-0.019329,-0.023154,0.004366
balance,-0.005439,-0.001315,-0.007539,0.007254,0.007672
based,0.001385,0.003525,-0.028579,0.140994,-0.028257
based active,-0.013731,-0.006576,0.006117,0.027481,-0.012104
based free,0.029584,-0.016059,-0.003722,0.034032,-0.015694
basic,0.004361,-0.000955,-0.010753,-0.002840,0.008964
basis,-0.001955,0.000029,-0.016317,-0.014244,0.007001
bayes,-0.003284,-0.000767,-0.001385,0.018184,0.012200
bayesian,0.000381,-0.020590,-0.042905,0.035007,0.056469
bayesian inference,-0.003820,-0.008802,-0.012365,0.010145,0.025208
bayesian mechanics,0.007955,-0.004489,-0.010850,-0.006366,-0.019237
bayesian model,-0.003356,0.000898,-0.008885,0.015602,0.005362
behavior,-0.017832,-0.021909,-0.024423,0.044892,0.065883
behavioral,-0.007881,-0.003263,-0.013695,0.003250,0.026860
behaviors,-0.007405,-0.000152,-0.011736,0.017080,0.009302
behaviour,-0.010400,-0.014267,-0.017633,0.041959,0.039281
behavioural,-0.004454,-0.002324,-0.013433,0.004803,0.016283
behaviours,-0.003612,-0.002780,-0.004966,0.001701,0.008948
belief,-0.005045,-0.005210,-0.018589,0.021017,0.012468
belief updating,-0.003610,0.001300,-0.009748,0.002083,0.007171
beliefs,-0.014174,-0.000609,-0.034832,0.032229,0.032010
best,-0.003084,-0.000558,-0.009199,0.013775,0.008119
better,-0.004947,0.015003,-0.007200,0.018838,0.008759
bias,-0.002566,0.001769,-0.011159,-0.004347,0.009346
biological,0.003998,-0.015548,-0.026792,-0.013192,0.010961
biological systems,0.003760,-0.004854,-0.010434,-0.010799,-0.003577
biologically,-0.005248,-0.004055,-0.008908,0.017932,0.017165
biology,0.003129,-0.006387,-0.005310,-0.014730,-0.008721
blanket,0.016698,-0.016382,-0.000585,-0.059474,-0.153157
blankets,0.015131,-0.010064,-0.009856,-0.050809,-0.114742
bodily,-0.003508,0.002863,-0.018822,-0.022269,0.022347
body,-0.005618,-0.002556,-0.033395,-0.028516,0.035153
bound,0.001967,0.001416,-0.005334,0.011742,0.005638
brain,0.036832,-0.045814,-0.104411,-0.088991,0.257119
brains,0.008062,-0.006160,-0.010132,-0.013753,0.011272
build,-0.003497,-0.002172,-0.005352,0.013855,0.006688
building,-0.000808,-0.004532,-0.010815,0.005152,0.010319
called,0.003438,-0.003977,-0.011900,0.006843,0.005389
capabilities,-0.004753,-0.001614,-0.009297,0.017269,0.005534
capable,-0.001771,0.000748,-0.009110,0.006162,-0.005490
capacity,-0.002763,0.000131,-0.012055,0.000601,0.004967
capture,-0.000826,0.005555,-0.006517,0.008244,-0.002084
care,-0.002463,0.010302,-0.006031,-0.013539,-0.000873
case,-0.001230,0.004918,-0.004602,0.005534,-0.017182
cast,-0.002816,-0.003095,-0.004484,0.008906,0.010986
causal,0.000359,-0.005488,-0.011794,0.006595,-0.003899
causes,-0.003923,-0.000425,-0.012222,-0.000004,0.012295
cells,0.001934,0.001853,-0.008912,-0.001764,-0.004854
central,-0.000921,-0.002093,-0.011351,-0.006907,0.018353
certain,0.001329,0.001447,-0.009904,0.002918,0.000308
challenge,-0.000191,-0.000928,-0.008864,0.000654,-0.000854
challenges,-0.004453,0.004298,-0.014335,0.001778,0.012177
challenging,-0.004977,0.001191,-0.007735,0.012225,0.003578
change,0.004431,0.000583,-0.015254,-0.001846,0.013540
changes,0.010168,-0.005001,-0.014048,0.009791,0.004235
changing,-0.004024,-0.001201,-0.004091,0.014228,0.005056
characteristics,0.000357,0.002534,-0.009977,0.002588,-0.009382
characterized,-0.000880,0.000093,-0.010314,-0.003401,0.004420
choice,-0.002645,-0.000318,-0.005202,0.009417,0.016823
claim,0.004578,-0.004167,-0.004234,-0.008336,0.000711
claims,0.005017,-0.003446,-0.010291,-0.013679,-0.009171
class,-0.001973,0.004318,-0.004204,0.012307,-0.021990
classical,0.000505,-0.003352,-0.008274,0.004812,0.000899
classification,-0.003951,0.002845,-0.006927,0.010498,-0.015728
clinical,-0.007505,0.004360,-0.032543,-0.036233,0.047560
coding,-0.003390,-0.013116,-0.034926,-0.038059,0.151718
cognition,-0.003274,-0.013100,-0.042998,-0.073138,0.044327
cognitive,-0.033305,-0.032278,-0.066252,-0.124538,0.104300
cognitive science,0.000789,-0.004671,-0.013434,-0.019382,0.015665
coherence,0.000268,-0.000354,-0.014947,-0.014550,0.008475
collective,-0.006919,-0.002150,-0.009690,-0.008258,0.000759
comment,0.017259,-0.019557,0.008843,-0.080981,-0.152269
common,-0.003080,0.001589,-0.009937,0.003675,0.004838
communication,-0.016709,-0.005392,-0.001369,-0.009637,-0.020265
compare,-0.003376,-0.000751,-0.003293,0.008044,0.004079
compared,-0.006012,0.004183,-0.011947,0.028023,-0.011778
complex,-0.008300,-0.006962,-0.023543,0.015366,0.007197
complexity,-0.003476,-0.000198,-0.018252,0.015627,0.001471
components,0.001797,0.000076,-0.009414,0.004464,0.007253
comprehensive,-0.003363,0.000935,-0.012076,0.000328,-0.002145
computation,-0.000933,-0.001673,-0.008458,-0.003957,-0.006999
computational,-0.026203,-0.005493,-0.071255,-0.011222,0.100645
computational model,-0.004030,0.000492,-0.012920,0.004830,0.013136
computational models,-0.004197,0.000731,-0.011186,-0.003403,0.014999
computing,-0.009611,-0.004305,0.003530,-0.002589,-0.039199
concept,-0.000157,-0.003413,-0.021958,0.008387,0.014529
concepts,-0.001995,0.002304,-0.014698,-0.002871,0.011238
conceptual,-0.002130,-0.003216,-0.017832,-0.015645,0.021141
conclude,0.001729,-0.000802,-0.011713,-0.007896,0.001380
condition,-0.002458,-0.001307,-0.006434,-0.008414,0.005045
conditions,-0.006682,0.008002,-0.015505,0.001741,0.006329
conflict,-0.003711,0.000910,-0.004630,-0.009943,-0.000486
connection,-0.000553,-0.001442,-0.004142,0.002051,-0.006042
connections,0.001211,-0.001441,-0.012069,-0.000366,0.004675
conscious,-0.003302,-0.000749,-0.021100,-0.035576,0.025110
consciousness,-0.003290,-0.013216,-0.070698,-0.187220,0.113937
consequences,-0.000419,0.006776,-0.002361,-0.001947,0.009483
consider,-0.007020,-0.003195,-0.009418,0.011680,0.011821
considered,0.003952,-0.000490,-0.011589,-0.005040,0.001510
consistent,0.004357,0.000931,-0.008700,0.009766,0.004882
constrained,0.000180,0.003498,-0.005657,0.009413,-0.007688
constraints,0.004230,-0.001959,-0.020760,0.005910,-0.001682
construct,-0.001014,-0.002003,-0.008551,-0.006808,-0.004394
construction,-0.003654,0.003390,-0.007323,-0.009074,0.005283
content,-0.000269,0.006207,-0.008849,0.000447,-0.013929
context,-0.011414,-0.000216,-0.029958,0.005567,0.015516
contexts,-0.000948,-0.002587,-0.009034,0.003011,0.012338
contextual,-0.005021,-0.001566,-0.002130,0.002954,0.006141
continuous,-0.014706,-0.007518,-0.001223,0.034421,0.002920
contrast,-0.005000,-0.003740,-0.007618,0.012642,0.018759
contribute,-0.001850,0.002149,-0.011744,-0.002340,0.007028
control,-0.063584,-0.045664,0.014177,0.035250,0.041500
controller,-0.006442,-0.001565,-0.000248,0.018789,0.000797
coordination,-0.001149,0.000307,-0.008361,0.006363,-0.006476
core,-0.002909,-0.002247,-0.016957,0.004417,0.008106
correlates,-0.007889,-0.001446,-0.003563,-0.010305,0.022957
cortex,-0.002456,0.001363,-0.015770,-0.008049,0.006431
cortical,0.002830,-0.001065,-0.013853,-0.011300,0.016245
cost,0.005776,0.054347,0.028985,0.015763,-0.000677
costs,0.002245,0.040283,0.008286,-0.001476,-0.008203
coupled,-0.000042,0.004943,-0.000482,0.001371,-0.016352
coupling,0.003461,0.000119,-0.013505,-0.010663,-0.013396
critical,0.000643,0.000546,-0.013571,0.002796,-0.001420
crucial,-0.003951,0.000939,-0.014037,0.002459,0.003167
crucially,-0.003463,-0.000855,-0.003874,0.004321,0.008396
cues,-0.004232,0.000532,-0.008432,0.002787,0.007594
curiosity,-0.002127,0.003750,-0.016306,0.049881,-0.013890
current,-0.000676,0.032392,-0.007705,0.006028,0.026781
data,-0.016389,0.019967,-0.047633,0.093516,-0.031811
dataset,-0.003042,0.002662,-0.007848,0.016319,-0.012066
decision,-0.029787,-0.009982,-0.008688,0.083229,0.049059
decision making,-0.018227,-0.007003,-0.010633,0.062045,0.044788
decision processes,-0.006972,-0.002773,0.002848,0.013683,-0.000939
decisions,-0.010314,-0.001290,-0.008710,0.022947,0.014514
deep,-0.028543,-0.021441,0.006282,0.113208,0.016926
deep active,-0.021072,-0.010884,0.018128,0.058830,-0.009070
deep learning,-0.002869,-0.006619,-0.001216,0.042573,0.009284
defined,-0.001185,-0.001175,-0.009347,0.004955,-0.006098
demonstrate,-0.011966,-0.003538,-0.017692,0.052830,-0.003680
demonstrating,-0.004382,-0.001910,-0.002033,0.010603,0.001458
density,0.013026,-0.000323,0.001140,0.001530,-0.022219
dependent,0.000108,0.006274,-0.010520,0.001911,-0.004203
depression,-0.006194,0.002810,-0.015700,-0.025341,0.008638
depth,0.000475,0.001066,-0.013021,-0.002482,-0.001051
derive,0.002230,-0.001777,-0.004200,0.014651,0.001650
derived,0.007776,-0.003362,-0.005701,0.014213,-0.003556
described,-0.000200,-0.004353,-0.008171,-0.005725,0.008399
describes,-0.000242,-0.002673,-0.004816,0.008985,0.006284
description,0.001024,-0.007424,-0.003880,-0.007660,-0.004875
design,-0.001670,-0.003886,-0.001787,0.030882,-0.035550
designed,-0.004870,0.001664,-0.007842,0.000711,-0.000738
despite,-0.004575,-0.002436,-0.009578,0.004975,0.012172
detection,-0.003139,0.001375,-0.008342,0.013229,-0.009540
develop,-0.001718,0.001230,-0.013320,0.013470,-0.000996
developed,0.000773,-0.000181,-0.011907,0.012093,0.004028
developing,-0.003864,0.009403,-0.004021,-0.004763,-0.000195
development,0.003736,0.003391,-0.031275,-0.007590,0.006411
developmental,-0.002936,0.000052,-0.017164,-0.006603,0.013588
devices,-0.006771,0.001067,-0.006353,0.008890,-0.025081
difference,0.001025,0.004139,-0.002318,0.010183,0.002946
differences,-0.001116,0.001260,-0.009897,0.001700,0.000711
different,-0.006119,0.001733,-0.027510,0.021656,0.017570
dimensional,0.000068,-0.001102,-0.006208,0.041176,-0.004412
directed,-0.011917,-0.002270,-0.009586,0.051277,0.002344
directly,0.000265,0.000992,-0.007164,0.003363,0.001645
discrete,-0.019227,-0.011402,0.013855,0.032043,0.004885
discuss,-0.000252,-0.004888,-0.022350,-0.009481,0.012604
discussed,0.005518,-0.000801,-0.004375,0.001082,-0.001469
disorder,-0.005676,0.002552,-0.027085,-0.041421,0.035024
disorders,-0.006541,0.005016,-0.028694,-0.025163,0.030853
distinct,-0.002576,0.000418,-0.014555,0.010803,0.012423
distinction,0.005941,-0.003779,-0.010861,-0.009640,-0.024453
distributed,-0.009378,0.003691,0.010550,0.001314,-0.034383
distribution,-0.001565,0.007065,-0.010323,0.033321,-0.013005
distributions,-0.001376,0.009426,-0.000537,0.012901,-0.006940
diverse,-0.001481,-0.000989,-0.011368,0.002056,0.004001
does,0.003001,0.000505,-0.002857,-0.011088,-0.011307
domain,-0.002116,0.001440,-0.009400,-0.002110,0.008424
domains,-0.002870,0.001166,-0.015284,0.000033,0.015270
drawing,-0.000636,-0.000593,-0.012425,-0.009969,0.012733
drive,0.002738,-0.003245,-0.005492,0.013118,0.001731
driven,-0.002676,-0.000343,-0.013443,0.022536,-0.003799
driving,-0.007750,-0.003932,-0.000543,0.027672,0.010037
dual,-0.003448,-0.001027,-0.005140,-0.008812,-0.007196
dynamic,-0.008214,-0.000826,-0.028982,0.034618,0.006096
dynamical,0.002005,-0.003863,-0.021378,-0.003638,-0.025045
dynamical systems,-0.000239,-0.001671,-0.012596,-0.004349,-0.018253
dynamically,-0.004151,0.000867,-0.007798,0.013703,-0.001529
dynamics,-0.000111,-0.005862,-0.044469,0.015573,0.019476
early,0.000602,-0.000795,-0.011789,-0.006812,0.005422
ecological,0.003597,-0.004669,-0.009868,-0.011332,0.010570
edge,-0.013196,-0.003164,0.006062,0.004547,-0.051364
efe,0.000389,0.000379,0.011583,0.034521,0.009345
effect,0.003173,0.016391,-0.003147,0.009269,0.001871
effective,-0.003849,0.004609,-0.012942,0.013891,0.000122
effectively,-0.001790,-0.000612,-0.007018,0.010834,0.006562
effectiveness,-0.004375,-0.000590,-0.005140,0.018550,-0.007918
effects,-0.002018,0.006784,-0.018008,-0.006665,-0.000355
efficiency,0.004485,0.037995,0.013618,0.032708,-0.000848
efficient,-0.011680,0.007354,0.006278,0.043911,-0.024817
efficiently,-0.003206,0.000071,-0.007097,0.020125,-0.011295
embodied,-0.004385,-0.007249,-0.030381,-0.016149,0.042559
emerge,-0.003661,-0.000408,-0.015232,0.003920,0.012085
emergence,-0.001985,-0.000428,-0.024346,-0.013048,0.008735
emergent,-0.000519,-0.003219,-0.010210,-0.003685,0.005157
emerges,-0.002116,-0.001612,-0.011225,-0.003911,0.019157
emerging,-0.001726,-0.003780,-0.008577,0.001162,0.013011
emotion,-0.000867,0.001810,-0.009611,-0.009703,0.013362
emotional,-0.001308,0.000214,-0.015834,-0.011206,0.017824
emotions,0.001862,0.001728,-0.010592,-0.007859,0.012033
empirical,-0.005516,-0.003472,-0.020147,-0.018211,0.027423
empirically,-0.002361,-0.001568,-0.006761,0.003717,0.007297
enable,-0.002969,0.000232,-0.009893,-0.000513,-0.002602
enables,-0.005722,-0.001386,-0.010105,0.023869,-0.002112
enabling,-0.004482,-0.002273,-0.007126,0.014661,0.005211
enactive,0.002545,-0.005009,-0.014677,-0.027773,0.010485
end,-0.004192,-0.000659,-0.008753,0.029079,0.000941
energy,0.419910,-0.037736,0.262828,0.107355,0.184021
energy minimization,0.014227,-0.010198,0.000148,0.024863,0.021321
energy principle,0.273975,-0.205568,0.025051,-0.064448,-0.025369
engineering,0.004667,0.004367,-0.000986,0.002147,0.002813
ensuing,0.000910,-0.002922,-0.006464,0.012297,0.004474
entropy,0.018618,-0.001376,-0.017270,0.004821,-0.014434
environment,-0.014292,-0.007541,-0.037054,0.073382,0.017688
environmental,-0.005647,0.009753,-0.009493,0.016701,0.008063
environments,-0.020280,-0.007019,-0.011743,0.084342,-0.005452
epistemic,-0.007582,0.001502,-0.004957,0.027612,0.016872
equations,0.005061,-0.008570,0.006161,-0.005168,-0.021389
equilibrium,0.019967,-0.009064,-0.002110,-0.004349,-0.032493
error,-0.003827,0.002837,-0.029599,-0.006543,0.058572
errors,-0.002672,-0.000429,-0.023422,-0.005328,0.034334
especially,0.001061,-0.000340,-0.008766,0.005535,0.000217
essential,-0.000715,0.000509,-0.012119,0.002533,-0.000225
established,-0.000414,0.000531,-0.009790,0.002588,0.000546
estimate,0.001390,0.005432,-0.002739,0.012359,-0.005881
estimation,0.014663,-0.003319,0.007060,0.037358,-0.016862
et,0.011535,-0.013568,0.000007,-0.054487,-0.125535
et al,0.011001,-0.014262,0.000785,-0.054527,-0.123236
evaluate,-0.003173,0.002212,-0.010934,0.018307,-0.004487
evaluation,-0.002932,0.001438,-0.001076,0.013737,-0.007590
evidence,-0.010220,0.003306,-0.022161,0.009553,0.033246
evolution,0.002630,0.001253,-0.016974,-0.006833,0.004314
evolutionary,0.002117,0.001398,-0.029412,-0.037409,0.009110
examine,-0.000056,-0.001954,-0.010428,-0.008610,0.003617
example,-0.006515,0.000127,-0.007499,0.010035,-0.006235
examples,-0.000610,0.002331,-0.010832,0.004378,-0.004233
existing,-0.004369,-0.001213,-0.015136,0.018127,0.005978
expectations,-0.004805,0.001595,-0.015211,-0.007886,0.017524
expected,0.103720,0.719977,0.451887,0.016678,0.222825
expected free,0.010139,0.014083,0.036391,0.081065,0.047159
experience,-0.009245,0.002654,-0.043307,-0.052056,0.049411
experiences,-0.007358,0.001144,-0.024297,-0.011406,0.029487
experimental,0.002038,-0.003758,-0.010794,0.021371,0.004348
experiments,-0.007889,-0.002178,-0.013995,0.040807,0.000052
explain,-0.000341,-0.006033,-0.025804,-0.009106,0.036436
explaining,0.000979,0.002028,-0.008074,-0.000777,0.016631
explains,0.000789,-0.002446,-0.007643,0.000481,0.015062
explanation,0.001221,-0.001406,-0.012099,-0.009181,0.012271
explanatory,0.001159,-0.000284,-0.013150,-0.018661,0.014784
explicit,-0.002189,-0.001589,-0.004199,0.010555,-0.000815
exploitation,-0.004217,-0.002189,0.008354,0.026285,0.016157
exploration,-0.010303,-0.001072,-0.003066,0.096483,0.007660
exploration exploitation,-0.003853,-0.002307,0.005477,0.019707,0.013131
explore,-0.006341,0.000247,-0.019341,0.009883,0.021841
exploring,-0.006694,-0.000286,-0.005690,-0.006566,-0.004219
extended,-0.003712,-0.002562,-0.011107,-0.012570,0.003464
extensive,-0.003656,-0.001770,-0.005348,0.014046,-0.001942
external,0.001649,-0.002337,-0.021775,-0.006565,-0.028779
external states,0.005720,-0.002126,-0.009202,-0.009720,-0.032444
eye,-0.006291,0.000130,-0.010642,-0.006612,0.018433
factor,-0.002047,-0.001515,-0.004700,0.015033,0.000438
factors,-0.003233,0.001386,-0.015449,-0.002828,0.012301
features,-0.003219,-0.000961,-0.015262,0.006560,0.003706
feedback,-0.005565,-0.001963,-0.013322,0.003768,0.002913
fep,0.054811,-0.039056,-0.080015,-0.064172,0.017609
field,-0.002379,0.003109,-0.022467,-0.005954,-0.004135
fields,-0.001996,0.001054,-0.013330,0.001614,0.003166
finally,-0.005709,-0.003173,-0.021696,0.010803,0.016776
findings,-0.005449,0.000348,-0.019979,0.002425,0.014881
flexibility,-0.002887,0.001602,-0.011988,-0.000244,0.003991
flexible,-0.004616,-0.001076,-0.009209,0.016209,0.004970
flow,0.002263,0.007995,-0.008483,-0.021109,-0.008490
focus,-0.002043,-0.000158,-0.019606,-0.003532,0.014624
following,-0.002403,-0.001810,-0.007875,0.007459,0.001482
foraging,-0.006163,-0.000600,-0.002936,0.018291,0.001381
form,-0.002308,-0.005676,-0.011127,0.005302,0.016615
formal,-0.001724,-0.005550,-0.014101,-0.022501,0.008737
formation,-0.000879,-0.002604,-0.009440,0.003719,-0.000919
forms,-0.002820,-0.001978,-0.011174,-0.007242,0.000190
formulation,0.005183,-0.013803,-0.003093,0.022969,0.023274
formulations,0.003597,-0.002080,0.002257,0.007377,0.005043
forward,-0.004827,0.000926,-0.005428,0.007538,0.001033
foundation,-0.000334,0.000166,-0.012270,-0.009678,-0.001528
framework,-0.028689,-0.025246,-0.050179,0.017233,0.097535
frameworks,-0.003795,-0.000131,-0.016907,-0.005753,0.029043
free,0.406285,-0.208369,0.149718,0.105549,0.084240
free energy,0.381268,-0.250891,0.116939,0.094891,0.108204
friston,0.013794,-0.018048,-0.014531,-0.072510,-0.044980
fully,-0.003692,-0.003191,-0.003863,0.012948,0.008943
function,0.004767,-0.001137,-0.020192,0.018231,0.032139
functional,0.001082,0.001889,-0.026336,-0.001965,0.017992
functions,-0.003714,-0.003787,-0.014233,-0.001717,0.026272
fundamental,-0.002204,-0.001452,-0.021667,-0.003542,0.020671
furthermore,-0.007547,-0.001303,-0.016012,0.014341,0.018345
future,-0.003350,0.026098,-0.009845,0.021235,0.049001
future research,-0.000400,0.000416,-0.008518,-0.005266,0.011085
gain,-0.001793,0.004004,-0.003919,0.030551,0.009444
game,-0.002556,0.000690,-0.011080,0.013908,-0.003230
gaussian,-0.004144,0.000846,-0.002442,0.010561,-0.025038
general,0.000033,-0.007099,-0.021139,-0.000228,0.005413
generalization,-0.003003,-0.000973,-0.010483,0.026614,-0.005893
generalized,0.005361,-0.006450,-0.003236,0.011564,-0.005699
generally,0.001034,-0.000242,-0.004926,0.003663,-0.001215
generate,0.003872,-0.000017,-0.011699,0.003235,0.010341
generated,-0.001994,0.001033,-0.013933,0.004814,0.010697
generating,-0.003893,0.004326,-0.002411,-0.007563,0.004642
generation,0.001947,0.035085,0.008490,-0.000503,-0.002082
generative,-0.027818,-0.024078,-0.028380,0.075837,0.099650
generative model,-0.011725,-0.010007,-0.018899,0.058535,0.052869
generative models,-0.017945,-0.014722,-0.007086,0.022755,0.054986
geometry,0.000499,-0.001938,-0.005648,-0.007268,-0.019686
given,0.000241,0.001301,-0.016450,0.018700,-0.012162
global,0.004375,0.020642,-0.010940,-0.028632,-0.004159
goal,-0.014241,-0.001973,-0.019038,0.072982,0.000749
goal directed,-0.010673,-0.002268,-0.007363,0.047510,0.002270
goals,-0.007859,-0.001107,-0.010059,0.018708,0.002160
good,0.005635,-0.002610,-0.005471,-0.002568,-0.006562
gradient,0.004369,-0.002996,-0.007284,0.019161,0.004298
graph,-0.002737,0.000732,-0.002011,0.022222,-0.003756
grounded,-0.000201,-0.001508,-0.016529,0.001580,0.021041
group,-0.005208,0.000920,-0.011950,0.004377,-0.008321
gt,0.001551,0.005057,-0.001862,-0.004804,-0.015109
h4,-0.003911,0.008697,-0.026141,-0.008195,0.010588
hand,-0.001415,-0.001145,-0.008671,0.003484,0.004421
health,-0.003576,0.008835,-0.013737,-0.016098,0.013309
help,0.002566,-0.001552,-0.009120,-0.002547,0.013293
hidden,-0.004696,-0.003675,-0.009741,0.027522,0.012030
hierarchical,-0.015331,-0.021442,-0.019596,-0.001246,0.040031
hierarchical active,-0.011238,-0.003315,0.000668,0.004610,-0.009996
hierarchy,-0.003264,-0.000551,-0.008463,0.004224,0.001329
high,-0.000270,0.045957,0.018720,0.035638,0.028147
high level,-0.003609,0.000075,-0.010222,0.006539,0.007835
higher,0.000447,-0.001068,-0.013250,0.004767,0.011387
highlight,-0.002171,-0.003692,-0.007427,0.007273,0.008802
highly,-0.001156,-0.000281,-0.008156,0.003673,-0.004689
homeostasis,0.003962,-0.004663,-0.009281,-0.006345,0.016363
horizon,-0.009788,-0.006490,0.011135,0.016257,-0.015813
human,-0.014352,-0.021653,-0.052341,0.018043,0.026715
human brain,0.000806,0.000417,-0.016512,-0.008933,0.009526
humans,-0.005683,0.000754,-0.020553,0.016824,0.001572
hybrid,-0.009130,0.002550,0.006042,0.011758,-0.005009
hypotheses,-0.004730,-0.000810,-0.012273,-0.005308,0.019408
hypothesis,-0.003347,-0.001765,-0.023018,-0.016046,0.028518
idea,0.001141,-0.002099,-0.011700,0.005068,0.011635
ideas,0.002568,-0.004993,-0.009711,-0.006899,0.021715
identify,0.000135,0.000266,-0.011145,0.002453,-0.005352
ii,0.000114,-0.005017,-0.006160,-0.001171,-0.011636
illustrate,-0.005653,-0.003084,-0.010302,0.023022,0.021426
image,0.009963,-0.005732,-0.010417,0.012733,-0.063138
image quality,0.013725,-0.005809,-0.003922,0.004859,-0.047843
images,0.001866,-0.001230,-0.004287,0.006857,-0.009561
impact,0.000890,0.012590,-0.006598,-0.005903,-0.004126
implement,-0.003579,-0.003136,-0.003196,0.009640,0.015453
implementation,-0.000327,-0.004038,-0.010916,0.011482,0.006283
implemented,0.001014,-0.005386,-0.007273,0.002643,0.011745
implications,0.003167,-0.001546,-0.016728,-0.020920,0.026713
implicit,-0.002822,-0.005969,-0.002508,-0.006770,0.002550
importance,0.001449,0.004982,-0.003310,-0.002747,0.006162
important,-0.002811,0.000191,-0.017354,0.010767,0.008230
improve,-0.004467,0.002185,-0.010295,0.009837,-0.004639
improved,-0.004541,0.000411,-0.003555,0.015671,-0.004781
include,-0.003878,-0.001513,-0.006306,0.003154,0.007115
including,-0.003886,0.002508,-0.027853,0.004320,0.013152
incorporating,-0.001790,-0.000345,-0.006908,0.011621,0.001524
increase,-0.002361,0.002173,-0.007469,-0.000544,-0.000693
increased,-0.001856,0.002174,-0.010105,-0.000837,0.002412
increasing,-0.002412,0.001664,-0.008411,0.002655,0.004124
increasingly,0.000767,-0.001549,-0.009223,-0.006517,0.006953
individual,-0.005673,0.000441,-0.020566,-0.001536,0.006019
individuals,-0.005178,0.004872,-0.025920,-0.012938,0.024918
induced,0.000641,0.000431,-0.009295,-0.006046,0.005939
infer,-0.008605,0.001984,-0.015217,0.030091,-0.004438
inference,-0.287133,-0.263724,0.333418,-0.043535,0.099615
inference account,-0.013021,-0.004824,0.004177,-0.028732,0.005393
inference active,-0.017194,-0.012969,0.020477,0.008521,0.013017
inference agent,-0.009760,-0.006623,0.005946,0.022593,0.009780
inference agents,-0.020969,-0.016305,0.029826,0.036967,-0.029087
inference approach,-0.009745,-0.002919,0.001450,0.006940,-0.016186
inference based,-0.007800,-0.004563,0.002451,0.020899,-0.004170
inference framework,-0.024790,-0.012156,-0.004058,0.007616,0.035380
inference model,-0.024610,-0.015924,0.005483,0.007113,0.018954
inference theory,-0.008464,-0.005498,0.002779,-0.005753,0.022932
inferences,-0.004405,0.002642,-0.014032,-0.005741,0.012264
inferential,-0.000733,-0.001238,-0.008560,-0.004426,0.002427
inferred,-0.004570,0.002165,-0.009996,0.008463,-0.007352
inferring,-0.004591,0.003339,-0.014144,0.013097,-0.009824
influence,-0.003928,0.007712,-0.015516,0.003035,0.004978
information,0.000280,0.013787,-0.070249,0.035909,0.008008
information gain,-0.001425,0.004139,0.002813,0.029293,0.006715
information processing,0.001401,0.001712,-0.019357,-0.002228,0.015931
information theoretic,0.003357,-0.000370,-0.009278,0.006805,0.001060
information theory,0.003238,-0.000121,-0.015315,-0.016835,0.003822
initial,-0.001908,0.001927,-0.007646,0.008160,-0.009277
input,0.002488,-0.001468,-0.022802,0.017141,0.015452
inputs,0.000075,-0.001332,-0.014718,0.006066,0.021363
insight,-0.002910,0.001233,-0.009699,0.008247,0.008371
insights,-0.009985,-0.000493,-0.020041,-0.025414,0.030751
inspired,-0.005606,-0.006209,-0.016504,0.029375,0.000097
integrated,-0.001734,-0.004388,-0.023198,-0.022512,0.027507
integrates,-0.003864,-0.000988,-0.007854,0.005405,0.017358
integrating,-0.007236,-0.001997,-0.017577,0.002715,0.014773
integration,0.001039,-0.003982,-0.020891,-0.013891,0.006724
integrative,-0.002396,-0.000269,-0.010952,-0.009717,0.013993
intelligence,-0.007856,-0.008318,-0.028310,-0.009432,0.008396
intelligent,-0.005510,-0.001707,-0.008838,0.025147,-0.000994
interact,-0.002819,-0.001974,-0.006537,0.009968,0.011740
interacting,0.000079,-0.000559,-0.010251,0.001393,-0.005908
interaction,-0.009196,-0.008129,-0.018183,0.005815,-0.003353
interactions,-0.004086,0.000688,-0.027761,0.002730,0.000503
internal,-0.000296,-0.002659,-0.035769,-0.001948,-0.017164
internal states,0.003103,-0.002235,-0.011720,-0.005004,-0.022828
interoceptive,-0.014111,0.002942,-0.029371,-0.084336,0.047689
interpretation,0.009309,-0.011933,-0.006708,-0.019977,-0.000860
intrinsic,-0.002725,-0.000765,-0.010163,0.011195,0.004568
introduce,-0.006451,-0.002998,-0.014648,0.024325,0.001245
introduces,-0.001196,-0.001081,-0.013356,0.005882,0.010667
investigate,-0.002318,-0.002852,-0.007933,0.016292,0.008525
joint,-0.008060,-0.002384,-0.001096,0.007788,-0.034543
key,-0.004812,0.001737,-0.021918,0.003225,0.019737
knowledge,-0.006638,-0.002386,-0.022127,0.024516,-0.008308
known,-0.002017,-0.004782,-0.010833,0.009903,0.006425
lack,0.001064,0.000376,-0.012018,-0.001151,-0.000668
language,-0.008941,-0.009717,-0.006286,0.010510,-0.008503
language models,-0.005732,-0.000512,-0.003803,0.006207,-0.018003
large,-0.011538,0.003829,-0.013403,0.030351,-0.033899
large language,-0.007033,0.001043,-0.005769,0.007739,-0.018254
latent,-0.005854,0.000322,-0.012844,0.038114,0.006208
law,0.001772,0.005494,-0.004508,0.002114,-0.006867
layer,-0.002828,-0.001042,-0.011288,0.009019,0.000199
lead,-0.000109,0.003562,-0.011630,0.000146,-0.001801
leading,-0.002073,0.000973,-0.010606,-0.000270,0.001694
leads,0.001441,-0.001324,-0.006416,0.003611,-0.002516
learn,-0.006152,-0.002258,-0.014753,0.056665,0.000303
learned,-0.003507,-0.000883,-0.006972,0.021983,0.003284
learning,-0.081126,-0.060841,0.004822,0.401096,0.040555
learning active,-0.012038,-0.007163,0.007806,0.034827,0.010751
lens,-0.001883,-0.002586,-0.008498,-0.007834,0.018626
level,-0.010992,-0.002827,-0.035966,0.017855,0.033205
levels,0.004871,0.002822,-0.014909,-0.001160,0.008139
life,0.030236,-0.005618,-0.025110,-0.065162,-0.031110
light,-0.001164,0.006492,-0.010078,-0.009487,0.011519
like,-0.006929,-0.001736,-0.022509,0.008609,0.014047
likelihood,-0.001245,-0.000592,-0.006051,0.016040,-0.006106
limitations,-0.004828,-0.000396,-0.009502,0.015792,-0.001088
limited,-0.003990,0.004377,-0.011745,0.018277,-0.000012
linear,0.020782,-0.007363,0.001893,0.013823,-0.040036
literature,-0.002020,-0.003962,-0.011712,-0.006602,0.009966
living,0.007455,-0.007118,-0.021060,-0.026787,-0.020501
living systems,0.006771,-0.003229,-0.013790,-0.019082,-0.020018
llm,-0.004296,0.003418,-0.007040,0.010428,-0.019028
llms,-0.005567,0.001620,-0.005966,0.006628,-0.018399
local,0.006984,0.003060,-0.013625,0.016533,-0.011741
long,-0.006841,0.010254,-0.008338,0.011595,-0.006739
long term,-0.001942,0.002946,-0.009342,0.006913,0.001688
loop,-0.010081,-0.005145,-0.002381,-0.006309,0.007094
loss,-0.001377,0.005706,-0.009268,0.001828,0.003611
low,-0.009401,0.004257,-0.008889,0.020826,-0.012156
lower,-0.001296,0.002999,-0.011426,0.009404,0.000081
lt,0.001403,0.005105,-0.002266,-0.005466,-0.014801
machine,-0.005789,-0.004848,-0.016544,0.034715,0.015434
machine learning,-0.004237,-0.002580,-0.007644,0.035718,0.003446
main,-0.000316,-0.000137,-0.008675,0.002253,0.002306
maintain,0.000941,-0.001548,-0.009257,-0.000310,0.010635
make,-0.001840,-0.002226,-0.009768,0.010098,-0.000622
makes,-0.002901,-0.000407,-0.006047,0.007286,0.004742
making,-0.017350,-0.007483,-0.020601,0.061195,0.042986
manner,-0.002198,0.000180,-0.008365,0.005120,0.009391
map,-0.005750,0.000505,-0.013825,0.018171,-0.007629
mapping,-0.002590,-0.001711,-0.001916,0.004881,-0.002047
maps,-0.004487,0.001971,-0.010472,0.013420,-0.002519
markov,0.014002,-0.015162,-0.005166,-0.053123,-0.180205
markov blanket,0.014542,-0.016988,0.004043,-0.047804,-0.118862
markov blankets,0.010769,-0.005871,-0.010305,-0.030980,-0.076224
markov decision,-0.009238,-0.002418,-0.001345,0.017470,-0.004872
mathematical,0.003028,0.000646,-0.004866,-0.003838,0.013370
maximize,-0.001731,-0.000859,-0.003535,0.020123,-0.002011
maximum,0.006452,-0.002639,-0.003980,0.005245,-0.016817
means,-0.000482,-0.000945,-0.006824,0.007198,0.000813
measure,0.001047,0.000450,-0.007520,0.007231,-0.000230
measures,0.001122,0.006899,-0.009222,0.000614,0.000086
mechanics,0.010319,-0.005368,-0.015844,-0.010898,-0.022772
mechanism,0.001807,-0.003975,-0.013879,-0.007643,0.012812
mechanisms,-0.010211,0.000211,-0.044826,-0.013370,0.050984
mechanistic,-0.001518,0.000400,-0.017584,-0.014779,0.020312
memory,-0.006612,-0.000797,-0.029664,-0.006518,0.001001
mental,-0.006949,-0.000372,-0.026026,-0.023588,0.026119
message,-0.007201,-0.003166,0.000959,0.023290,-0.001582
message passing,-0.007134,-0.003478,0.001815,0.020441,-0.001217
meta,-0.008327,-0.000580,-0.016914,-0.000238,0.006310
method,0.003435,0.009022,-0.004676,0.059058,-0.039156
methods,-0.004858,0.003802,-0.010079,0.050917,-0.007631
metric,0.003098,-0.000893,-0.005381,0.006099,-0.006433
mind,0.021259,-0.025603,-0.027854,-0.083749,0.062341
minds,0.005236,-0.003393,-0.012284,-0.019103,0.002906
minimal,0.004982,-0.006700,-0.014764,-0.015030,0.013374
minimisation,0.002508,-0.005015,-0.004810,0.005616,0.022477
minimising,0.000124,-0.001360,-0.001443,0.014782,0.009307
minimization,0.015439,-0.013276,-0.004467,0.025637,0.027263
minimize,-0.001078,-0.005122,-0.006320,0.025468,0.032554
minimizing,0.002183,-0.001091,-0.004579,0.034884,0.032898
minimum,0.030057,-0.001087,0.008732,0.023004,-0.022991
mobile,-0.005472,0.002088,-0.005936,0.010587,-0.018043
mode,0.000272,-0.001942,-0.010529,-0.003207,0.009757
model,-0.054840,-0.024350,-0.111159,0.202482,0.138417
model based,-0.004987,-0.000552,-0.011848,0.034575,0.002411
modeling,-0.013226,-0.012017,-0.012665,0.000601,0.015883
modelling,-0.002063,-0.005778,-0.012223,-0.006047,-0.001312
models,-0.044865,-0.009358,-0.054239,0.071452,0.122951
modulation,-0.003426,0.001245,-0.013069,-0.008473,0.005891
motion,-0.006053,-0.000892,-0.005663,0.015968,-0.008240
motivated,-0.004044,0.001476,-0.008736,0.007911,0.006948
motivation,-0.004080,0.000259,-0.006433,0.000771,0.003536
motor,-0.018370,-0.004781,-0.028464,0.017182,0.055976
motor control,-0.005724,-0.002752,-0.005830,-0.001198,0.020764
movement,-0.008333,0.003670,-0.017992,-0.010029,0.009340
movements,-0.008720,0.001069,-0.015498,0.001931,0.015982
multi,-0.019343,-0.002093,-0.002211,0.046220,-0.072700
multi agent,-0.010274,-0.002864,-0.000863,0.021131,-0.033675
multimodal,-0.004667,-0.002447,-0.004850,0.010038,0.003708
multiple,-0.005226,0.007917,-0.008421,0.011461,0.000906
natural,0.004839,-0.004697,-0.011792,0.000692,-0.003774
naturally,-0.000778,-0.000142,-0.006881,0.009322,0.007844
nature,-0.001735,0.001937,-0.019884,-0.014000,0.006802
navigation,-0.016927,-0.002250,-0.007138,0.065512,-0.031712
necessary,-0.001706,-0.002542,-0.007260,-0.000560,0.003587
need,-0.006507,-0.000086,-0.015613,0.007887,-0.000201
needs,-0.000082,-0.000041,-0.010462,0.002037,-0.000755
negative,-0.002714,0.003234,-0.011602,-0.006756,0.009104
network,-0.007157,-0.003340,-0.023116,0.045709,-0.018568
networks,0.001021,-0.005833,-0.008507,0.073053,-0.003157
neural,0.005857,-0.018067,-0.053747,0.027300,0.084823
neural network,0.004468,-0.004273,-0.011859,0.026662,0.004513
neural networks,0.007817,-0.008921,-0.011275,0.035897,0.015242
neuronal,-0.000062,-0.007082,-0.020933,-0.002536,0.035185
neurons,0.002752,0.001634,-0.017947,0.005018,0.001699
neuroscience,-0.002908,-0.010669,-0.031962,-0.003244,0.052918
new,-0.007426,-0.003096,-0.025054,0.012531,0.013832
niche,-0.001399,-0.001304,-0.007848,-0.008283,0.002660
noise,0.011010,-0.006559,-0.006885,0.016011,-0.023101
non,0.002700,0.002075,-0.023982,-0.000665,-0.018204
normative,-0.002667,-0.002640,-0.003938,0.004727,0.010890
notion,0.007663,-0.007468,-0.007753,-0.002713,0.014125
novel,-0.014411,-0.004418,-0.028326,0.038480,0.015479
novelty,-0.003926,-0.005700,0.008819,0.008266,0.017592
number,-0.002407,0.010482,-0.003056,0.012368,-0.016074
numerical,0.000580,0.000802,-0.006168,0.010554,-0.003066
object,-0.007576,-0.002868,-0.014972,0.061336,-0.019074
objective,-0.003322,0.001581,-0.005619,0.028414,0.000796
objectives,-0.000927,-0.000601,-0.004476,0.019607,-0.003562
objects,-0.004823,0.000028,-0.011197,0.025204,-0.016910
observable,-0.005473,-0.002477,-0.003208,0.023442,0.003615
observation,-0.007832,-0.002108,-0.005502,0.020162,-0.002813
observations,-0.005341,-0.003357,-0.006715,0.049836,0.007059
observed,-0.004445,0.008150,-0.006824,0.021556,0.014339
offer,-0.005420,-0.000570,-0.012570,-0.001291,0.012442
offering,-0.002746,-0.001355,-0.010032,-0.001024,0.007563
offers,-0.007001,-0.003762,-0.017397,0.002114,0.033925
online,-0.010491,-0.001913,-0.001941,0.035402,-0.011799
open,-0.003904,-0.001179,-0.011673,0.005371,-0.003923
optimal,-0.016386,0.009372,0.002760,0.042914,0.009339
optimism,0.000493,0.000391,-0.005474,-0.004369,0.000652
optimization,-0.006549,0.004204,-0.002206,0.003675,-0.002741
order,0.001198,0.001980,-0.017480,0.011501,0.002585
organism,0.003700,-0.004518,-0.008972,-0.008888,0.008478
organisms,0.000300,-0.005110,-0.016590,0.000488,0.024729
organization,0.010550,-0.005725,-0.020744,-0.022209,0.001364
organizing,0.002352,-0.005122,-0.012539,-0.002091,0.008485
oriented,-0.005727,0.002381,-0.003064,0.008421,0.000287
outcomes,-0.003262,0.003982,-0.009817,0.018952,0.017008
overall,-0.000879,0.000032,-0.009143,-0.000431,0.002665
pain,-0.009527,0.003274,-0.016357,-0.051547,0.012629
paper,-0.002114,-0.014950,-0.039731,0.019633,0.026816
paper presents,-0.002311,-0.002523,-0.005351,0.004586,0.006542
paradigm,-0.006104,0.000308,-0.015543,-0.007766,0.004476
parameter,0.001561,-0.002941,-0.008690,0.005797,0.001520
parameters,-0.004533,0.001651,-0.015435,0.034432,0.002156
partially,-0.006701,-0.003274,-0.001817,0.029103,0.003143
partially observable,-0.004469,-0.001872,-0.000826,0.018252,0.003835
participants,-0.006150,0.001545,-0.010056,0.005444,0.003807
particular,0.014684,-0.013382,-0.019877,-0.020804,-0.047153
particularly,-0.000027,-0.000112,-0.011955,0.001194,-0.001989
passing,-0.007335,-0.003411,0.001197,0.020168,-0.000535
past,0.000398,0.005858,-0.011202,0.004607,0.010404
path,-0.003531,0.003246,-0.016302,0.003116,-0.044061
patients,-0.002450,0.001378,-0.007551,-0.002558,0.000677
pattern,0.001060,0.001239,-0.014339,0.003297,-0.002396
patterns,-0.004035,0.000134,-0.018729,-0.006850,-0.004084
people,-0.002115,0.001991,-0.009771,0.001400,-0.000514
perception,-0.009221,-0.025948,-0.038334,0.027343,0.106365
perception action,-0.006939,-0.011006,-0.007925,0.018946,0.038027
perceptual,-0.000202,-0.013613,-0.010371,-0.006750,0.038720
perform,-0.002824,0.000432,-0.007380,0.026960,0.001690
performance,-0.009523,0.034213,0.003433,0.075301,-0.008343
performing,-0.000024,-0.001658,-0.005344,0.011788,0.000383
person,-0.001555,0.000037,-0.016931,-0.014198,0.002198
perspective,-0.014992,-0.020148,-0.007345,-0.047753,0.042149
perspectives,-0.002243,-0.002859,-0.009665,-0.007549,0.015174
phase,0.007626,0.001394,-0.006100,0.006893,0.001239
phenomena,-0.003300,-0.002017,-0.016580,-0.010008,0.026689
phenomenal,-0.002864,-0.000493,-0.010194,-0.015307,0.016373
phenomenology,-0.008975,-0.003449,-0.012621,-0.029557,0.025367
philosophical,0.009529,-0.005592,-0.010310,-0.024915,-0.003916
physical,0.007585,-0.003952,-0.025762,-0.017122,-0.024930
physics,0.022176,-0.012290,-0.012479,-0.030135,-0.064823
physiological,-0.001483,-0.000627,-0.012189,-0.020920,0.015235
plan,-0.004682,0.000278,-0.004132,0.020977,-0.006367
planning,-0.033983,-0.014245,0.019531,0.099520,-0.015279
plasticity,-0.000851,-0.001030,-0.010059,0.004706,0.000124
plausible,-0.002530,-0.004450,-0.007855,0.013858,0.022591
play,-0.003224,0.001383,-0.014130,-0.002212,0.015035
point,-0.001436,-0.001158,-0.006678,-0.003013,-0.007963
points,0.001989,-0.001728,-0.009145,0.005422,-0.006069
policies,-0.005814,0.004098,0.000768,0.031326,0.006774
policy,-0.009791,-0.001649,-0.001763,0.060957,-0.002714
position,0.001610,0.000496,-0.008229,-0.000642,-0.003573
positive,0.001166,0.002736,-0.012106,-0.007700,0.008764
possible,0.000026,0.000074,-0.012982,0.004200,0.001935
posterior,-0.003675,-0.000640,-0.008615,0.017913,-0.001085
potential,-0.003158,0.010261,-0.030524,-0.000681,0.023936
potentially,-0.000615,0.001292,-0.012813,-0.002827,0.010572
power,0.000647,0.095044,0.020702,-0.032626,-0.015148
practical,0.001901,-0.003955,-0.003536,0.002851,-0.006376
practice,-0.004754,-0.001173,-0.013168,-0.017404,0.014172
pre,-0.002531,0.000708,-0.009889,0.006623,-0.007020
precision,-0.016582,-0.000447,-0.033321,-0.021456,0.056734
predict,-0.003261,-0.000313,-0.009849,0.012276,0.003896
predicted,0.000262,0.003758,-0.007123,0.009796,0.004846
predicting,0.000936,0.000188,-0.007163,0.006736,0.004956
prediction,0.000538,-0.012960,-0.045063,-0.004233,0.104518
prediction error,-0.002929,-0.003108,-0.022558,-0.006852,0.055647
prediction errors,-0.002200,-0.001762,-0.018626,-0.003225,0.040105
predictions,-0.007862,-0.000431,-0.034733,-0.013511,0.063843
predictive,-0.020714,-0.011054,-0.083767,-0.111925,0.300270
predictive coding,-0.006163,-0.012008,-0.030913,-0.036564,0.148727
predictive processing,-0.006119,0.003018,-0.044657,-0.067961,0.118048
preference,-0.006440,-0.001924,0.001801,0.035051,-0.008654
preferences,-0.006213,0.001817,-0.001420,0.034535,-0.006228
presence,-0.000769,0.000219,-0.007156,-0.000758,-0.005915
present,-0.005116,-0.002211,-0.017014,0.014540,0.018938
presented,0.002618,-0.000376,-0.006402,-0.005120,-0.005916
presents,-0.003534,-0.003060,-0.007601,0.005937,0.011288
previous,-0.005239,-0.001953,-0.009766,0.017895,0.005128
previously,0.000037,-0.000597,-0.006920,0.009273,0.005430
primary,-0.001632,0.002477,-0.013821,-0.006708,-0.009575
principle,0.306148,-0.223934,0.024213,-0.050161,-0.029331
principle active,0.013027,-0.026532,0.015896,-0.046186,-0.050750
principle fep,0.022513,-0.015565,-0.023728,-0.018965,0.000281
principled,-0.002892,-0.001624,-0.004971,0.012211,0.007128
principles,0.007737,-0.014738,-0.015098,-0.003651,0.021205
prior,-0.012340,-0.000428,-0.021384,0.043869,0.022713
prior beliefs,-0.002712,-0.000668,-0.008407,0.007905,0.017090
priors,-0.000872,0.003287,-0.019353,0.012894,0.031562
probabilistic,-0.010994,-0.008272,-0.004087,0.029551,0.004775
probability,0.001074,0.007363,-0.003869,0.008358,-0.011330
problem,-0.006035,-0.007353,-0.012271,0.041909,-0.017699
problems,-0.004312,-0.004266,-0.007280,0.026864,0.001821
process,-0.012179,-0.009998,-0.039782,0.017989,0.044808
processes,-0.014401,-0.006325,-0.040028,0.015573,0.045033
processing,-0.010175,0.005092,-0.065888,-0.063740,0.120308
production,0.001169,0.028815,0.002360,-0.015966,-0.002552
promising,-0.004132,-0.000877,-0.007627,0.006345,0.004121
properties,0.000386,0.001247,-0.014319,0.001788,-0.009874
propose,-0.009790,-0.001249,-0.045369,0.027388,0.029782
proposed,-0.004514,-0.004775,-0.027405,0.048792,0.004535
proposes,-0.002363,-0.002137,-0.010478,-0.001824,0.011463
proprioceptive,-0.005687,-0.000444,-0.009769,-0.003662,0.011854
provide,-0.005093,-0.000844,-0.032687,0.010615,0.019886
provided,0.001328,0.002707,-0.012012,-0.003120,-0.007184
provides,-0.006555,-0.005972,-0.024356,0.009138,0.028533
providing,-0.005117,-0.000414,-0.010918,0.006734,0.011461
psychiatric,-0.003808,0.002072,-0.011273,-0.010550,0.011166
psychiatry,-0.003718,0.001876,-0.018456,-0.017819,0.023841
psychological,-0.001477,-0.001826,-0.016932,-0.016739,0.020466
psychology,-0.002795,-0.004948,-0.012846,-0.025549,0.017211
quality,0.014923,-0.003553,-0.014247,0.016264,-0.065043
quantum,0.006921,-0.004001,-0.015885,-0.021106,-0.007953
question,0.002976,-0.000475,-0.013199,-0.005378,-0.003365
questions,-0.002636,0.003147,-0.013659,-0.000320,0.004343
random,0.007928,0.007335,-0.012028,0.013946,-0.026694
range,0.001565,0.008065,-0.016995,0.000867,0.011388
rate,0.003238,0.013114,-0.008248,0.015327,-0.008937
rates,0.000419,0.026290,0.004045,0.001536,-0.010006
real,-0.002285,-0.006392,-0.011264,0.042390,-0.006417
real time,-0.005437,0.002345,-0.007796,0.008247,-0.006677
real world,-0.007284,-0.001652,-0.003984,0.036128,-0.007050
reasoning,-0.003822,-0.000601,-0.014432,0.015004,-0.010887
recent,-0.006075,0.002549,-0.022835,-0.004117,0.028044
recently,-0.001345,-0.003118,-0.004722,0.006527,0.010964
recognition,-0.003555,-0.001962,-0.016540,0.014205,0.007082
reduce,0.000187,0.000365,-0.009976,0.012026,0.024081
reduced,0.001083,0.000676,-0.008879,0.002833,0.002453
reducing,-0.001848,0.000983,-0.008578,0.010525,0.006148
reduction,-0.002370,0.003922,-0.008982,0.011778,0.002492
reference,0.004823,-0.003162,-0.006688,0.011317,-0.010096
regions,-0.000711,-0.001519,-0.004588,-0.000583,0.017882
regulation,-0.007196,-0.000969,-0.017989,-0.022858,0.020531
reinforcement,-0.018321,-0.011207,0.013354,0.109889,0.008618
reinforcement learning,-0.018338,-0.011731,0.014924,0.109606,0.008536
related,-0.001480,0.001240,-0.022607,-0.008688,0.009572
relation,-0.001655,0.003910,-0.007610,-0.005210,0.006173
relationship,0.000630,-0.007737,-0.006749,-0.007585,0.008050
relationships,0.008779,-0.001684,-0.003988,0.001507,0.000077
relative,0.010353,-0.008335,0.005524,0.009960,-0.003935
relevant,-0.001164,-0.000050,-0.016178,-0.000714,0.014694
remains,-0.002168,0.000765,-0.016967,0.005938,0.009250
representation,0.001991,-0.005793,-0.020878,0.013160,0.011321
representations,-0.010275,-0.008883,-0.008739,0.012539,0.016102
represents,-0.000289,-0.000467,-0.007714,0.003856,0.010753
require,-0.002661,-0.002092,-0.007028,0.009207,0.004850
requires,-0.002035,-0.001496,-0.011173,0.009874,0.001509
research,-0.002278,0.000875,-0.030322,-0.031169,0.060520
resilience,-0.000319,-0.002648,-0.004019,-0.008770,-0.004352
resource,-0.010881,0.005238,0.002837,0.020623,-0.041364
resources,-0.004812,0.004374,-0.005266,0.009406,-0.005019
respect,0.001085,-0.000517,-0.007012,0.001568,-0.007942
respectively,0.001424,-0.000897,-0.004806,0.004366,-0.001357
response,-0.000151,0.007744,-0.008841,-0.007078,0.005611
responses,-0.005010,0.000532,-0.019174,0.000017,0.022157
result,0.000024,0.002210,-0.015735,0.001931,0.003508
resulting,-0.001827,0.001521,-0.010753,0.012340,0.008904
results,-0.008550,-0.004104,-0.023351,0.060022,-0.001411
reveal,0.001418,-0.001765,-0.008425,0.001557,0.005729
review,-0.006200,0.007173,-0.012126,-0.045109,0.051144
reward,-0.020926,-0.007654,0.009077,0.082951,-0.003884
rewards,-0.003221,-0.001884,-0.001271,0.035634,-0.003895
risk,-0.006018,0.029494,0.006174,0.016624,0.012335
rl,-0.006217,-0.007976,0.005803,0.068217,0.008093
robot,-0.010539,-0.010540,-0.012844,0.072784,-0.053694
robotic,-0.011321,-0.005901,0.004872,0.042324,-0.013766
robotics,-0.007643,-0.003441,-0.016203,0.007738,0.024398
robots,-0.001407,-0.002743,-0.012112,0.021982,-0.012561
robust,-0.005433,0.001085,-0.003460,0.024521,0.000670
role,-0.004417,0.021728,-0.026898,-0.027641,0.038707
rules,-0.000672,-0.000450,-0.008260,0.010531,-0.000084
sample,-0.004513,0.001337,-0.006557,0.025675,-0.009148
sampling,-0.007329,-0.000776,-0.004278,0.018467,-0.006758
scale,-0.002917,0.001723,-0.014480,0.017790,-0.010891
scales,0.000208,-0.002071,-0.008691,-0.002789,-0.002721
scenarios,-0.003936,0.001529,-0.005685,0.017031,-0.001264
scene,-0.005210,-0.000625,-0.003990,0.014925,0.002904
scheme,-0.005740,-0.000857,0.001944,0.031155,0.018175
science,0.007847,0.004036,-0.023085,-0.052080,0.028750
scientific,0.003183,-0.004239,-0.015814,-0.031226,0.006318
search,-0.014552,-0.005564,0.007533,0.020419,-0.018014
second,-0.000734,-0.000494,-0.013746,-0.002216,0.008692
seeking,0.000478,0.003092,-0.005055,0.010711,0.005590
seen,-0.000506,-0.001767,-0.010770,-0.000737,0.009390
selection,-0.010906,-0.005832,-0.005318,0.036172,0.014382
self,0.010306,-0.020966,-0.081234,-0.059921,0.067720
self organization,0.009525,-0.004893,-0.013786,-0.013090,0.002421
self organizing,0.002454,-0.005465,-0.010536,-0.000562,0.008140
semantic,0.002584,0.001087,-0.013096,-0.002102,-0.021236
sensations,-0.004748,-0.001517,-0.009787,-0.001619,0.020278
sense,-0.003404,0.000086,-0.016433,-0.011071,0.001977
sensing,-0.006951,0.001586,-0.004723,0.001100,-0.018785
sensitive,-0.003431,0.000677,-0.004861,0.007142,-0.000312
sensorimotor,-0.000022,-0.004829,-0.020912,0.002324,0.006386
sensory,-0.007817,-0.004666,-0.065954,0.000641,0.105341
sensory data,-0.003300,-0.000872,-0.010121,0.010516,0.013592
sensory input,-0.002517,0.000549,-0.014328,-0.003178,0.021930
sequences,-0.000925,0.002071,-0.010833,0.013867,0.005314
sequential,-0.006206,0.000451,-0.005150,0.020177,-0.005709
series,-0.003409,-0.000185,-0.006337,-0.005729,-0.006748
set,-0.000773,-0.001172,-0.012963,0.016825,0.001019
setting,-0.001801,0.000843,-0.004176,0.023617,0.003438
settings,-0.003205,-0.000339,-0.004196,0.018439,-0.004041
shared,-0.006262,-0.002563,-0.012105,-0.006869,0.012441
short,0.002180,-0.001717,-0.004981,0.000997,-0.002115
showed,-0.004537,0.000542,-0.006428,0.010254,-0.001456
showing,-0.001775,-0.000900,-0.005429,0.013085,-0.001874
shown,0.000036,-0.000470,-0.011882,0.011836,0.000789
shows,-0.000208,-0.001376,-0.003467,0.009383,0.001801
signal,-0.001114,0.000774,-0.009947,0.005381,-0.003138
signals,-0.005463,0.004529,-0.022812,-0.006219,0.018384
significant,-0.003778,0.003066,-0.017269,0.002285,-0.001150
significantly,-0.002898,0.004739,-0.006591,0.022757,-0.007573
similar,-0.000643,0.000508,-0.008912,0.010094,-0.006400
simple,0.005912,-0.007097,-0.011032,0.017667,0.000055
simulate,-0.005972,-0.001683,-0.009987,0.009959,0.005633
simulated,-0.007250,-0.002488,-0.011585,0.023659,0.013332
simulation,-0.002028,-0.000762,-0.005272,0.033211,-0.003100
simulations,-0.005397,0.000073,-0.013772,0.027430,0.005106
single,0.001967,0.001383,-0.013356,0.026162,0.008068
small,0.002030,0.003478,-0.002960,0.001661,-0.011797
social,-0.016395,0.006846,-0.057574,-0.096910,0.035347
solution,-0.003371,-0.000334,-0.002999,0.009104,0.005713
solutions,-0.002575,-0.001302,-0.005302,0.012538,-0.011854
solve,-0.004996,-0.000635,-0.001557,0.022428,-0.003507
solving,-0.005479,-0.001843,-0.004464,0.012270,-0.009115
source,-0.002634,-0.000600,-0.002015,0.009787,-0.003885
sources,0.003277,0.012814,-0.002573,0.002694,0.001479
space,-0.006693,-0.001812,-0.018720,0.049446,-0.010542
spaces,-0.006069,-0.002612,0.000908,0.019877,0.000790
sparse,-0.001114,-0.001752,-0.008912,0.027489,-0.015499
spatial,-0.005678,0.001332,-0.016053,0.010312,-0.015160
specific,-0.004077,0.001917,-0.022466,0.009750,0.002136
specifically,-0.004139,-0.003781,-0.014675,0.000950,0.015543
speech,-0.008610,-0.001100,-0.013370,-0.017946,0.035124
stability,0.004134,0.002037,-0.008994,-0.003092,-0.008761
stable,0.001971,-0.000050,-0.007623,0.009611,0.001137
standard,-0.001650,-0.001032,-0.003178,0.015783,0.002017
state,-0.004122,-0.007248,-0.036531,0.083171,-0.004070
state art,-0.005699,-0.001412,-0.005001,0.027612,-0.009931
state space,-0.002738,-0.004458,-0.003585,0.030348,0.004759
states,0.002446,0.004004,-0.046817,0.006455,-0.019968
statistical,0.002608,0.001536,-0.000536,0.001494,-0.014222
step,-0.003635,-0.002336,-0.004406,0.018167,-0.005373
stimuli,-0.002121,-0.000081,-0.011506,-0.002498,0.010760
stochastic,-0.003080,-0.001409,-0.005105,0.025724,-0.020060
strategies,-0.004107,0.002002,-0.009966,0.014145,0.005566
strategy,-0.002826,0.008803,0.002649,0.008621,-0.019445
stress,-0.001854,0.000372,-0.014286,-0.020563,0.021083
strong,0.001536,0.000763,-0.009631,-0.004475,-0.011767
structural,-0.001909,0.004245,-0.011932,-0.002476,-0.004247
structure,-0.004721,-0.000892,-0.033919,0.052740,-0.002612
structured,-0.005486,-0.001652,-0.005835,-0.000484,-0.008526
structures,0.002730,0.002963,-0.016297,0.007401,-0.005937
studies,-0.005633,0.002095,-0.025213,0.008422,0.013886
study,-0.008488,-0.003956,-0.025388,0.007261,0.008715
sub,0.000331,0.010981,-0.007652,-0.003757,-0.027280
subject,0.001208,-0.001198,-0.009892,0.007491,0.003218
subjective,-0.002612,-0.000935,-0.019552,-0.012057,0.022773
successfully,-0.004767,-0.001347,-0.001944,0.012837,-0.000903
suggest,-0.002317,-0.002585,-0.023793,-0.005271,0.014463
suggesting,-0.002661,0.000679,-0.009468,-0.005242,0.013685
suggests,-0.000683,-0.004249,-0.012962,-0.003890,0.018621
supervised,-0.003360,0.000366,-0.006715,0.027972,-0.000665
support,0.000556,0.003557,-0.012154,-0.008071,0.010856
surprisal,0.002578,-0.000473,-0.011600,-0.000884,0.001699
surprise,-0.007866,-0.005452,-0.006028,0.007508,0.008832
symptom,-0.000551,0.010248,-0.009419,-0.012125,0.013092
symptoms,-0.005159,0.002631,-0.013482,-0.022924,0.009582
synaptic,0.004576,-0.003093,-0.019245,0.014132,0.003003
synthetic,-0.005081,0.002410,-0.007390,0.009061,-0.003377
systems,0.020132,0.000855,-0.065458,-0.082673,-0.077730
taking,-0.001181,0.003343,-0.010733,0.004885,-0.005194
target,0.000630,-0.001682,-0.011543,0.022025,-0.018821
task,-0.022824,0.003068,-0.036317,0.096995,-0.010852
tasks,-0.019512,-0.002494,-0.011009,0.057995,-0.022970
techniques,-0.002212,0.004848,-0.007963,0.020916,-0.004727
temperature,0.011591,0.007083,0.001050,-0.005008,-0.025767
temporal,-0.007651,-0.002509,-0.012271,0.012155,0.004717
term,-0.000182,0.003451,-0.013469,0.014843,0.007541
terms,0.001579,-0.011559,-0.017866,0.002386,0.039965
test,-0.001181,0.000088,-0.013957,0.008792,-0.004830
theoretic,0.005407,-0.001442,-0.012455,0.004575,0.002968
theoretical,-0.001445,-0.009678,-0.031533,-0.018633,0.036365
theories,-0.005761,-0.004177,-0.036634,-0.054304,0.060162
theory,0.008206,-0.032521,-0.057928,-0.094437,0.127168
therapeutic,-0.004702,0.000320,-0.015988,-0.025711,0.013260
thermodynamic,0.010069,-0.003649,-0.005854,0.001682,-0.001365
things,0.001443,0.003759,-0.011918,-0.012645,-0.047861
thought,-0.001045,-0.002320,-0.012247,-0.014324,0.014197
time,-0.016786,0.004434,-0.006013,-0.000367,-0.030642
tool,-0.003373,-0.000717,-0.004678,-0.003485,-0.001075
tools,-0.002341,-0.000139,-0.010005,-0.005051,0.006050
trade,-0.000845,0.016852,0.010263,0.015188,-0.002672
traditional,-0.006802,-0.000695,-0.011065,0.009501,0.007936
trained,-0.001057,0.001195,-0.006865,0.019219,-0.000096
training,-0.010698,0.001044,-0.014353,0.052346,-0.016559
trajectories,-0.000859,-0.000850,-0.011895,0.019493,0.007792
trajectory,-0.004608,0.000587,-0.006516,0.016982,-0.017000
transition,-0.004277,0.001139,-0.005924,0.020690,-0.004986
transitions,-0.001201,0.000412,-0.012529,0.015341,-0.002523
treatment,-0.003043,0.000495,-0.015431,-0.016388,0.021755
tree,-0.005911,-0.002773,0.008370,0.016565,-0.017326
turn,0.000678,0.006101,-0.008975,0.004126,0.000883
type,-0.000568,0.001289,-0.009815,0.002727,-0.006025
types,-0.003077,0.005023,-0.005798,0.010988,-0.002894
uncertain,-0.004300,-0.000179,-0.002808,0.020668,0.005468
uncertainties,-0.003299,-0.001043,0.005268,0.012251,0.013818
uncertainty,-0.004490,0.019116,-0.030624,0.035057,0.056506
underlying,-0.003944,0.006547,-0.022267,0.000628,0.025878
understand,-0.003560,-0.003133,-0.016684,0.002427,0.021081
understanding,-0.013939,-0.008992,-0.043550,-0.010621,0.059661
understood,-0.000177,-0.001902,-0.013341,-0.004336,0.011462
unified,0.000551,-0.016560,-0.005157,0.000500,0.042111
unifying,0.002098,-0.007347,-0.014455,-0.017881,0.042304
units,0.003010,0.006658,-0.007288,-0.014596,-0.005379
unknown,-0.002623,0.001939,-0.009175,0.015146,-0.009614
updates,-0.002505,0.000062,-0.005468,0.016782,0.008065
updating,-0.005557,0.000275,-0.016433,0.003521,0.017251
use,-0.005194,0.008381,-0.022829,0.014747,-0.011928
used,-0.001154,-0.001870,-0.015546,0.034893,0.007753
useful,0.000086,0.005946,-0.007079,-0.000445,-0.007127
user,-0.006906,0.004490,-0.012216,0.019797,-0.025363
users,-0.003806,0.002658,-0.008046,0.012801,-0.009544
uses,-0.002510,0.002287,-0.009690,0.017915,-0.009367
using,-0.014971,-0.016632,-0.008877,0.108346,-0.044395
using active,-0.027393,-0.015520,0.022464,0.030861,-0.049982
utility,0.000893,0.019768,0.008532,0.007366,0.009121
value,0.004807,0.023548,0.014923,0.025163,-0.003999
values,0.003401,0.004413,-0.001247,0.014900,0.001504
variability,-0.004480,0.000107,-0.004457,-0.001392,0.018219
variables,0.000536,0.005075,-0.003149,0.012810,0.001707
variational,0.025543,-0.025924,-0.000906,0.069341,0.025331
variational free,0.010171,-0.010996,-0.005187,0.032628,0.022286
various,-0.003699,0.004652,-0.015238,0.022201,0.006422
video,0.003686,-0.000538,-0.005332,0.007820,-0.020454
view,-0.000245,-0.004138,-0.010691,-0.012157,0.014667
vision,0.006847,-0.008513,-0.000072,0.013735,-0.005063
visual,-0.009187,-0.009806,-0.016470,0.028141,0.015491
way,-0.003038,-0.006491,-0.012467,0.001475,0.003630
ways,-0.001758,-0.000757,-0.015417,0.000353,0.015791
wide,0.000674,-0.000782,-0.007291,-0.000565,-0.000850
widely,-0.003420,-0.000804,-0.004868,0.002557,0.001127
work,-0.006317,-0.005631,-0.029993,0.018898,0.014308
working,-0.005883,-0.001685,-0.006523,-0.002018,0.006292
world,-0.016638,-0.007582,-0.048941,0.062877,0.041095
world model,-0.007386,-0.000510,-0.008522,0.030324,0.005183
years,-0.004379,-0.001999,-0.005136,-0.018780,0.003239
